City_ID,City,Lat,Lng,Max Temp,Humidity,Cloudiness,Wind Speed,Country,Date
0,Qaanaaq,77.484,-69.3632,-21.48,68,79,2.55,GL,2021-02-03 18:45:11
1,Rikitea,-23.1203,-134.9692,77.92,72,19,13.44,PF,2021-02-03 18:45:11
2,Albany,42.6001,-73.9662,33.01,68,100,8.99,US,2021-02-03 18:45:11
3,Jaguey Grande,22.5269,-81.1286,69.8,52,40,9.22,CU,2021-02-03 18:45:11
4,Umm Bab,25.2142,50.8072,64.99,63,1,6.91,QA,2021-02-03 18:45:11
5,Punta Arenas,-53.15,-70.9167,60.8,59,75,13.8,CL,2021-02-03 18:41:10
6,Kolobrzeg,54.1757,15.5834,30.99,10,100,23.71,PL,2021-02-03 18:45:11
7,Waconia,44.8508,-93.7869,32.0,76,94,15.99,US,2021-02-03 18:45:12
8,Adrar,20.5022,-10.0711,70.43,22,0,3.2,MR,2021-02-03 18:45:12
9,Hadejia,12.4498,10.0444,76.12,17,0,10.27,NG,2021-02-03 18:40:20
10,Chokurdakh,70.6333,147.9167,1.72,93,100,9.31,RU,2021-02-03 18:45:12
11,Nemuro,43.3236,145.575,14.34,87,7,21.14,JP,2021-02-03 18:43:23
12,Ushuaia,-54.8,-68.3,55.4,58,20,24.16,AR,2021-02-03 18:45:06
13,Mar Del Plata,-38.0023,-57.5575,71.6,68,40,12.66,AR,2021-02-03 18:42:24
14,Yellowknife,62.456,-114.3525,-15.0,69,90,8.05,CA,2021-02-03 18:45:12
15,Olafsvik,64.8945,-23.7142,36.86,79,100,25.12,IS,2021-02-03 18:45:12
16,Broken Hill,-31.95,141.4333,71.6,28,100,9.22,AU,2021-02-03 18:45:12
17,Dong Xoai,11.5333,106.9167,68.38,74,88,4.65,VN,2021-02-03 18:45:12
18,Tuktoyaktuk,69.4541,-133.0374,-41.8,66,20,3.44,CA,2021-02-03 18:45:13
19,Cape Town,-33.9258,18.4232,71.01,73,0,16.11,ZA,2021-02-03 18:43:22
20,Hilo,19.7297,-155.09,70.0,68,1,9.22,US,2021-02-03 18:45:13
21,Tasiilaq,65.6145,-37.6368,28.33,97,83,26.37,GL,2021-02-03 18:45:13
22,Fereydunshahr,32.941,50.121,27.39,69,0,3.38,IR,2021-02-03 18:45:13
23,Vila Franca Do Campo,37.7167,-25.4333,53.6,66,20,14.97,PT,2021-02-03 18:45:13
24,Cherskiy,68.75,161.3,9.27,87,100,7.11,RU,2021-02-03 18:45:13
25,Cockburn Town,21.4612,-71.1419,75.2,57,40,9.22,TC,2021-02-03 18:45:13
26,Mahebourg,-20.4081,57.7,80.6,83,40,9.22,MU,2021-02-03 18:45:13
27,Korla,41.7597,86.1469,25.9,84,0,2.42,CN,2021-02-03 18:45:13
28,Dingle,10.9995,122.6711,73.89,92,63,7.63,PH,2021-02-03 18:45:13
29,Daru,-9.0763,143.2092,77.72,87,97,10.94,PG,2021-02-03 18:45:13
30,Caravelas,-17.7125,-39.2481,83.34,63,14,10.65,BR,2021-02-03 18:45:14
31,New Norfolk,-42.7826,147.0587,57.99,89,96,1.12,AU,2021-02-03 18:45:14
32,Puerto Ayora,-0.7393,-90.3518,84.2,70,0,18.41,EC,2021-02-03 18:45:14
33,Port Hedland,-20.3167,118.5667,80.6,83,100,5.75,AU,2021-02-03 18:45:14
34,Souillac,-20.5167,57.5167,80.6,83,40,9.22,MU,2021-02-03 18:45:14
35,Mandalgovi,45.7625,106.2708,10.92,77,0,16.87,MN,2021-02-03 18:45:14
36,Point Pedro,9.8167,80.2333,76.95,75,100,13.91,LK,2021-02-03 18:45:14
37,Inuvik,68.3499,-133.7218,-36.4,67,98,0.89,CA,2021-02-03 18:45:14
38,Quatre Cocos,-20.2078,57.7625,80.6,83,40,9.22,MU,2021-02-03 18:45:14
39,Ribeira Grande,38.5167,-28.7,55.4,62,40,21.85,PT,2021-02-03 18:45:14
40,Mataura,-46.1927,168.8643,47.89,81,61,3.24,NZ,2021-02-03 18:45:04
41,Zyryanka,65.75,150.85,-22.34,86,97,11.68,RU,2021-02-03 18:45:14
42,Hobart,-42.8794,147.3294,57.99,94,90,5.75,AU,2021-02-03 18:41:31
43,Ialibu,-6.2821,143.9935,57.72,99,100,2.26,PG,2021-02-03 18:45:15
44,Atuona,-9.8,-139.0333,77.47,76,1,13.56,PF,2021-02-03 18:45:10
45,Bredasdorp,-34.5322,20.0403,68.0,68,0,4.61,ZA,2021-02-03 18:45:15
46,Nouadhibou,20.931,-17.0347,66.2,82,0,18.41,MR,2021-02-03 18:45:15
47,Barreirinhas,-2.7469,-42.8264,84.99,63,0,9.37,BR,2021-02-03 18:43:09
48,Khatanga,71.9667,102.5,-5.35,91,99,9.33,RU,2021-02-03 18:45:15
49,Busselton,-33.65,115.3333,53.01,76,0,17.02,AU,2021-02-03 18:45:15
50,Torbay,47.6666,-52.7314,37.99,100,90,26.46,CA,2021-02-03 18:45:15
51,Champerico,14.3,-91.9167,89.6,55,20,9.22,GT,2021-02-03 18:45:16
52,Ahipara,-35.1667,173.1667,60.84,80,100,3.58,NZ,2021-02-03 18:45:16
53,Stafford,52.8052,-2.1164,42.01,48,81,1.01,GB,2021-02-03 18:44:22
54,Kapaa,22.0752,-159.319,66.2,94,90,6.91,US,2021-02-03 18:45:16
55,Hirara,24.8,125.2833,65.48,65,32,11.18,JP,2021-02-03 18:45:16
56,Saint George,37.1041,-113.5841,63.0,66,1,6.91,US,2021-02-03 18:42:12
57,Bjornevatn,69.6672,29.9847,26.6,86,75,17.27,NO,2021-02-03 18:45:16
58,Hermanus,-34.4187,19.2345,68.0,79,6,4.23,ZA,2021-02-03 18:45:16
59,Saint-Philippe,-21.3585,55.7679,80.6,74,0,1.14,RE,2021-02-03 18:45:16
60,Taltal,-25.4,-70.4833,71.67,57,65,7.25,CL,2021-02-03 18:45:16
61,Thompson,55.7435,-97.8558,5.0,78,90,14.97,CA,2021-02-03 18:42:41
62,Isla Vista,34.4133,-119.861,64.0,88,40,5.75,US,2021-02-03 18:45:17
63,Barrow,71.2906,-156.7887,-27.4,68,1,14.97,US,2021-02-03 18:45:17
64,Killybegs,54.6333,-8.45,44.6,93,90,13.8,IE,2021-02-03 18:45:17
65,Hithadhoo,-0.6,73.0833,83.32,70,96,6.17,MV,2021-02-03 18:45:17
66,Kodiak,57.79,-152.4072,26.6,80,1,5.75,US,2021-02-03 18:45:17
67,Pinega,64.7001,43.3936,1.45,94,89,3.13,RU,2021-02-03 18:45:17
68,Port Alfred,-33.5906,26.891,70.0,92,0,1.99,ZA,2021-02-03 18:43:02
69,Bambous Virieux,-20.3428,57.7575,80.6,83,40,9.22,MU,2021-02-03 18:45:17
70,Mana,5.6592,-53.7767,80.71,79,98,15.5,GF,2021-02-03 18:45:17
71,Shimoda,34.6667,138.95,34.0,70,0,1.99,JP,2021-02-03 18:45:17
72,Chuy,-33.6971,-53.4616,71.26,97,100,14.54,UY,2021-02-03 18:45:17
73,Victoria,22.2855,114.1577,64.0,82,0,1.99,HK,2021-02-03 18:43:05
74,Vaini,-21.2,-175.2,77.0,100,75,8.52,TO,2021-02-03 18:45:18
75,Yar-Sale,66.8333,70.8333,-0.67,93,93,8.25,RU,2021-02-03 18:45:18
76,Nanortalik,60.1432,-45.2371,18.66,81,0,16.71,GL,2021-02-03 18:45:18
77,Altay,47.8667,88.1167,12.83,86,100,1.3,CN,2021-02-03 18:45:18
78,Bluff,-46.6,168.3333,51.62,75,71,13.62,NZ,2021-02-03 18:45:18
79,Labranzagrande,5.5622,-72.575,85.32,32,10,6.91,CO,2021-02-03 18:45:18
80,Kashi,39.4547,75.9797,30.2,59,0,11.18,CN,2021-02-03 18:45:18
81,Bethel,41.3712,-73.414,33.01,64,90,11.5,US,2021-02-03 18:45:18
82,Kosonsoy,41.2561,71.5508,37.4,56,0,4.61,UZ,2021-02-03 18:45:18
83,Hami,42.8,93.45,25.21,83,39,2.3,CN,2021-02-03 18:45:18
84,Huilong,31.8111,121.655,48.99,79,0,12.46,CN,2021-02-03 18:45:19
85,Arraial Do Cabo,-22.9661,-42.0278,89.6,61,0,24.16,BR,2021-02-03 18:45:19
86,Bakloh,32.4667,75.9167,48.47,61,100,10.83,IN,2021-02-03 18:45:19
87,East London,-33.0153,27.9116,75.2,78,0,2.3,ZA,2021-02-03 18:45:15
88,Port Hardy,50.6996,-127.4199,41.0,100,75,0.58,CA,2021-02-03 18:42:12
89,Sibolga,1.7427,98.7792,76.8,84,100,4.21,ID,2021-02-03 18:45:19
90,Jamestown,42.097,-79.2353,30.0,69,20,17.27,US,2021-02-03 18:45:15
91,Xiaoweizhai,26.1903,107.5125,52.52,91,100,2.44,CN,2021-02-03 18:45:19
92,Kandrian,-6.2167,149.55,78.73,83,100,16.02,PG,2021-02-03 18:45:19
93,Cabo San Lucas,22.8909,-109.9124,82.99,53,20,4.61,MX,2021-02-03 18:43:38
94,Tukrah,32.5341,20.5791,59.04,80,0,7.34,LY,2021-02-03 18:40:54
95,Wichita,37.6922,-97.3375,55.0,47,1,14.97,US,2021-02-03 18:41:47
96,Port Elizabeth,-33.918,25.5701,68.0,94,20,9.22,ZA,2021-02-03 18:45:18
97,Qaqortoq,60.7167,-46.0333,15.8,53,75,8.05,GL,2021-02-03 18:45:20
98,Tazovskiy,67.4667,78.7,-6.75,92,100,6.82,RU,2021-02-03 18:45:20
99,Baykit,61.67,96.37,-9.04,86,95,1.48,RU,2021-02-03 18:45:20
100,Phangnga,8.4509,98.5298,77.0,78,20,5.75,TH,2021-02-03 18:45:20
101,Pisco,-13.7,-76.2167,73.99,78,0,10.36,PE,2021-02-03 18:45:20
102,Padang,-0.9492,100.3543,75.2,94,40,2.3,ID,2021-02-03 18:43:17
103,Okhotsk,59.3833,143.3,-23.44,76,100,25.46,RU,2021-02-03 18:45:20
104,Linhares,-19.3911,-40.0722,84.81,61,5,9.31,BR,2021-02-03 18:45:20
105,Inta,66.0317,60.1659,7.97,95,100,11.92,RU,2021-02-03 18:45:21
106,Meulaboh,4.1363,96.1285,77.7,86,81,3.53,ID,2021-02-03 18:45:21
107,Lannion,48.75,-3.4167,46.4,81,0,4.61,FR,2021-02-03 18:45:21
108,Opuwo,-18.0607,13.84,77.16,36,99,6.85,NA,2021-02-03 18:45:21
109,Lompoc,34.6391,-120.4579,61.0,63,1,5.75,US,2021-02-03 18:45:21
110,Isangel,-19.55,169.2667,80.6,78,75,11.5,VU,2021-02-03 18:45:21
111,Luwuk,-0.9516,122.7875,78.35,73,100,3.8,ID,2021-02-03 18:45:21
112,Birao,10.2849,22.7882,84.6,17,0,3.69,CF,2021-02-03 18:45:21
113,Lebu,-37.6167,-73.65,65.19,66,0,13.51,CL,2021-02-03 18:45:22
114,Sangar,63.9242,127.4739,-39.59,77,100,7.74,RU,2021-02-03 18:45:22
115,Ancud,-41.8697,-73.8203,77.0,53,0,8.05,CL,2021-02-03 18:45:22
116,Olinda,-8.0089,-34.8553,82.4,61,40,10.36,BR,2021-02-03 18:45:22
117,Bar-Le-Duc,48.75,5.1667,50.0,81,90,21.85,FR,2021-02-03 18:45:22
118,Airai,-8.9266,125.4092,61.83,100,100,5.5,TL,2021-02-03 18:45:22
119,Helong,42.5397,128.9972,-1.71,81,3,9.91,CN,2021-02-03 18:45:22
120,Saldanha,-33.0117,17.9442,69.8,73,0,17.27,ZA,2021-02-03 18:45:22
121,Garowe,8.4054,48.4845,67.86,43,0,12.84,SO,2021-02-03 18:40:45
122,Dunedin,-45.8742,170.5036,53.01,66,100,1.99,NZ,2021-02-03 18:45:23
123,Evensk,61.95,159.2333,11.61,91,100,43.62,RU,2021-02-03 18:45:23
124,Leua,48.2156,18.6071,46.0,98,100,7.78,SK,2021-02-03 18:45:23
125,Mount Gambier,-37.8333,140.7667,57.2,88,100,10.36,AU,2021-02-03 18:41:32
126,Lazaro Cardenas,17.9583,-102.2,81.97,63,13,8.16,MX,2021-02-03 18:45:23
127,Hammerfest,70.6634,23.6821,26.6,63,75,20.71,NO,2021-02-03 18:45:23
128,Kahului,20.8947,-156.47,75.2,64,40,26.46,US,2021-02-03 18:45:23
129,Alice Springs,-23.7,133.8833,68.0,28,72,6.58,AU,2021-02-03 18:44:54
130,Oistins,13.0667,-59.5333,82.4,65,75,26.46,BB,2021-02-03 18:45:23
131,Wairoa,-39.0333,177.3667,55.0,91,37,1.99,NZ,2021-02-03 18:45:24
132,Along,28.1667,94.7667,51.39,56,0,2.26,IN,2021-02-03 18:45:24
133,Asosa,10.0667,34.5333,72.57,23,18,3.94,ET,2021-02-03 18:45:24
134,Saskylakh,71.9167,114.0833,-17.97,86,99,13.38,RU,2021-02-03 18:45:24
135,Jinka,5.65,36.65,71.91,33,0,1.36,ET,2021-02-03 18:45:24
136,Talnakh,69.4865,88.3972,-19.48,86,100,3.69,RU,2021-02-03 18:45:17
137,Northam,51.0333,-4.2167,46.99,91,0,5.01,GB,2021-02-03 18:45:24
138,Ambilobe,-13.2,49.05,76.66,88,69,1.54,MG,2021-02-03 18:45:24
139,Iqaluit,63.7506,-68.5145,-5.8,71,90,3.44,CA,2021-02-03 18:45:24
140,Tshikapa,-6.4167,20.8,72.48,90,91,5.28,CD,2021-02-03 18:45:24
141,Hay River,60.8156,-115.7999,-13.0,70,100,8.05,CA,2021-02-03 18:45:25
142,Leh,34.1667,77.5833,7.16,64,99,4.0,IN,2021-02-03 18:45:25
143,Port-Gentil,-0.7193,8.7815,84.2,74,40,8.05,GA,2021-02-03 18:45:25
144,Provideniya,64.3833,-173.3,-5.89,83,100,13.44,RU,2021-02-03 18:45:25
145,Pevek,69.7008,170.3133,-10.05,74,0,6.96,RU,2021-02-03 18:45:25
146,Huejuquilla El Alto,22.6,-103.8667,76.82,28,100,4.94,MX,2021-02-03 18:45:25
147,Inhambane,-23.865,35.3833,84.2,89,75,4.41,MZ,2021-02-03 18:40:56
148,Beringovskiy,63.05,179.3167,5.4,94,95,11.92,RU,2021-02-03 18:45:25
149,Butaritari,3.0707,172.7902,81.41,84,34,17.0,KI,2021-02-03 18:45:26
150,Leningradskiy,69.3833,178.4167,-22.09,84,100,13.15,RU,2021-02-03 18:45:26
151,La Ronge,55.1001,-105.2842,8.6,72,100,10.36,CA,2021-02-03 18:45:26
152,Carnarvon,-24.8667,113.6333,75.2,100,90,24.16,AU,2021-02-03 18:45:20
153,Ketchikan,55.3422,-131.6461,37.4,86,90,5.75,US,2021-02-03 18:45:26
154,Porto Novo,6.4965,2.6036,86.0,79,20,12.66,BJ,2021-02-03 18:45:26
155,San Patricio,28.017,-97.5169,75.0,56,75,16.11,US,2021-02-03 18:45:24
156,Pangnirtung,66.1451,-65.7125,-14.8,64,20,1.43,CA,2021-02-03 18:45:26
157,Kaitangata,-46.2817,169.8464,54.0,65,81,11.01,NZ,2021-02-03 18:45:26
158,San Vicente,-26.6167,-54.1333,87.73,53,96,4.85,AR,2021-02-03 18:45:26
159,Sao Filipe,14.8961,-24.4956,73.8,73,100,11.43,CV,2021-02-03 18:45:27
160,Guerrero Negro,27.9769,-114.0611,69.64,53,97,9.44,MX,2021-02-03 18:45:27
161,Tuatapere,-46.1333,167.6833,47.08,87,21,4.9,NZ,2021-02-03 18:45:27
162,Laguna,38.421,-121.4238,51.01,81,90,4.61,US,2021-02-03 18:45:27
163,Tautira,-17.7333,-149.15,84.2,70,20,3.44,PF,2021-02-03 18:45:27
164,Sinnamary,5.3833,-52.95,79.57,82,100,17.02,GF,2021-02-03 18:45:27
165,Uruzgan,32.8333,66.0,38.25,67,0,0.78,AF,2021-02-03 18:45:27
166,Turukhansk,65.8167,87.9833,-6.2,91,97,5.3,RU,2021-02-03 18:45:27
167,Chapada Dos Guimaraes,-15.4606,-55.7497,80.6,89,75,5.75,BR,2021-02-03 18:44:53
168,Arandis,-22.4167,14.9667,68.0,83,95,5.86,NA,2021-02-03 18:45:27
169,Bengkulu,-3.8004,102.2655,75.45,86,100,5.73,ID,2021-02-03 18:45:27
170,Lakatoro,-16.0999,167.4164,79.16,78,100,6.33,VU,2021-02-03 18:45:28
171,Natal,-5.795,-35.2094,87.8,55,0,19.57,BR,2021-02-03 18:43:22
172,Mitsamiouli,-11.3847,43.2844,83.39,68,100,4.0,KM,2021-02-03 18:45:28
173,Kenai,60.5544,-151.2583,12.2,85,90,3.44,US,2021-02-03 18:45:28
174,Kulhudhuffushi,6.6221,73.07,81.81,69,43,7.25,MV,2021-02-03 18:45:28
175,Norman Wells,65.282,-126.8329,-34.6,67,75,5.75,CA,2021-02-03 18:45:28
176,Padre Bernardo,-15.35,-48.5,82.71,65,100,3.58,BR,2021-02-03 18:45:28
177,Sosnovka,56.255,51.2842,7.59,94,94,6.22,RU,2021-02-03 18:45:28
178,Alyangula,-13.8483,136.4192,80.6,100,75,3.44,AU,2021-02-03 18:45:29
179,Romny,50.751,33.4747,33.4,99,100,11.3,UA,2021-02-03 18:45:29
180,Prescott,34.54,-112.4685,60.01,51,75,10.36,US,2021-02-03 18:45:29
181,Geraldton,-28.7667,114.6,73.4,64,0,23.02,AU,2021-02-03 18:45:29
182,Ngunguru,-35.6167,174.5,57.0,94,97,1.99,NZ,2021-02-03 18:45:29
183,Krasnovishersk,60.4078,57.082,1.83,94,93,3.53,RU,2021-02-03 18:45:29
184,Chavakkad,10.5333,76.05,78.8,83,81,3.44,IN,2021-02-03 18:45:29
185,Mongoumba,3.6415,18.5936,83.64,41,25,2.13,CF,2021-02-03 18:45:30
186,Tikrit,34.6071,43.6782,58.57,40,0,4.68,IQ,2021-02-03 18:45:30
187,Bykovo,55.6361,38.0803,26.01,93,75,4.47,RU,2021-02-03 18:45:30
188,Katsuura,35.1333,140.3,39.2,48,20,4.61,JP,2021-02-03 18:45:22
189,Seoul,37.5683,126.9778,30.2,58,0,14.97,KR,2021-02-03 18:45:20
190,Ponta Delgada,37.7333,-25.6667,53.6,66,20,14.97,PT,2021-02-03 18:45:30
191,Vestmannaeyjar,63.4427,-20.2734,37.4,75,75,32.21,IS,2021-02-03 18:45:30
192,Constitucion,-35.3333,-72.4167,72.99,48,0,8.97,CL,2021-02-03 18:45:30
193,Kutahya,39.4242,29.9833,42.8,87,40,1.66,TR,2021-02-03 18:45:30
194,Ilulissat,69.2167,-51.1,-7.6,54,20,5.75,GL,2021-02-03 18:45:31
195,Bay City,43.5945,-83.8889,33.01,51,1,5.48,US,2021-02-03 18:45:31
196,Half Moon Bay,37.4636,-122.4286,55.99,71,20,6.91,US,2021-02-03 18:45:31
197,Srednekolymsk,67.45,153.6833,-24.61,86,66,3.31,RU,2021-02-03 18:45:13
198,Qidong,31.8128,121.6561,48.99,79,0,12.48,CN,2021-02-03 18:45:31
199,Kiama,-34.6833,150.8667,66.99,83,5,1.01,AU,2021-02-03 18:45:31
200,Te Anau,-45.4167,167.7167,45.39,88,66,2.75,NZ,2021-02-03 18:45:30
201,Vanavara,60.34,102.2797,-14.84,89,100,2.08,RU,2021-02-03 18:45:31
202,Poum,-20.2333,164.0167,78.73,80,52,22.5,NC,2021-02-03 18:45:31
203,Matara,5.9485,80.5353,75.96,81,98,11.14,LK,2021-02-03 18:45:32
204,Castro,-24.7911,-50.0119,82.67,60,11,2.01,BR,2021-02-03 18:45:32
205,Vila Velha,-20.3297,-40.2925,87.8,58,20,18.41,BR,2021-02-03 18:45:32
206,Wenling,28.3669,121.36,53.01,77,2,3.94,CN,2021-02-03 18:45:32
207,Yurino,56.2942,46.3039,17.6,93,75,11.18,RU,2021-02-03 18:45:32
208,Ostrovnoy,68.0531,39.5131,18.88,96,100,16.46,RU,2021-02-03 18:45:32
209,Khorol,49.7837,33.2783,33.75,98,100,8.41,UA,2021-02-03 18:45:32
210,Kutum,14.2,24.6667,70.95,20,68,18.68,SD,2021-02-03 18:45:32
211,Nikolskoye,59.7035,30.7861,23.0,93,75,8.95,RU,2021-02-03 18:45:32
212,Husavik,66.0449,-17.3389,17.6,73,0,3.44,IS,2021-02-03 18:45:33
213,Inirida,3.8653,-67.9239,90.84,55,70,1.72,CO,2021-02-03 18:40:33
214,Gushi,34.6425,109.5843,37.4,56,100,5.06,CN,2021-02-03 18:45:33
215,Cuamba,-14.8031,36.5372,72.14,92,97,2.57,MZ,2021-02-03 18:45:33
216,Acarau,-2.8856,-40.12,85.59,64,17,18.75,BR,2021-02-03 18:45:33
217,Palembang,-2.9167,104.7458,73.85,96,100,4.25,ID,2021-02-03 18:45:33
218,Miles City,46.4083,-105.8406,30.2,86,90,18.41,US,2021-02-03 18:45:33
219,Port-Cartier,50.0334,-66.8654,28.99,93,100,16.11,CA,2021-02-03 18:45:33
220,Zabid,14.1951,43.3152,76.21,59,0,10.04,YE,2021-02-03 18:45:33
221,Sioux Lookout,50.1001,-91.917,28.4,69,90,13.8,CA,2021-02-03 18:40:59
222,Angoche,-16.2325,39.9086,80.94,79,75,3.42,MZ,2021-02-03 18:45:33
223,Mayor Pablo Lagerenza,-19.9309,-60.7718,90.79,51,100,4.38,PY,2021-02-03 18:45:34
224,Moose Factory,51.2585,-80.6094,8.6,85,1,4.61,CA,2021-02-03 18:45:34
225,Aginskoye,51.1,114.53,-3.33,91,100,2.57,RU,2021-02-03 18:45:34
226,Muros,42.7762,-9.0603,55.0,84,2,13.0,ES,2021-02-03 18:45:34
227,Huarmey,-10.0681,-78.1522,75.79,62,51,10.71,PE,2021-02-03 18:41:10
228,Fort Nelson,58.8053,-122.7002,-13.0,70,75,2.57,CA,2021-02-03 18:45:05
229,Adamantina,-21.6853,-51.0725,85.08,68,100,4.41,BR,2021-02-03 18:43:24
230,Shingu,33.7333,135.9833,35.96,82,0,5.88,JP,2021-02-03 18:45:34
231,Kanigiri,15.4,79.5167,68.52,75,0,5.03,IN,2021-02-03 18:45:34
232,Kondinskoye,59.6481,67.41,5.07,94,0,8.88,RU,2021-02-03 18:45:34
233,Magistralnyy,56.1725,107.4458,0.37,92,100,7.74,RU,2021-02-03 18:45:34
234,Arak,34.0917,49.6892,40.73,62,2,0.6,IR,2021-02-03 18:45:34
235,Hasaki,35.7333,140.8333,33.8,64,75,5.75,JP,2021-02-03 18:45:35
236,Luderitz,-26.6481,15.1594,66.6,77,0,16.15,NA,2021-02-03 18:45:35
237,Lawrenceburg,38.0373,-84.8966,41.0,52,1,8.05,US,2021-02-03 18:45:35
238,Calvinia,-31.4707,19.776,72.52,29,0,6.46,ZA,2021-02-03 18:45:35
239,San Quintin,30.4833,-115.95,65.01,68,27,14.99,MX,2021-02-03 18:45:35
240,Murray Bridge,-35.1167,139.2667,66.99,56,100,2.51,AU,2021-02-03 18:45:35
241,Freeport,40.6576,-73.5832,37.0,60,90,10.36,US,2021-02-03 18:45:35
242,Vyazemskiy,47.5378,134.7525,-17.97,86,0,8.61,RU,2021-02-03 18:45:36
243,Bathsheba,13.2167,-59.5167,82.4,65,75,26.46,BB,2021-02-03 18:45:36
244,Skjervoy,70.0311,20.9714,21.2,93,90,2.3,NO,2021-02-03 18:45:36
245,Itacurubi Del Rosario,-24.5,-56.6833,94.03,53,78,7.96,PY,2021-02-03 18:45:36
246,Sondrio,46.169,9.8692,48.0,68,100,3.24,IT,2021-02-03 18:45:36
247,Bayir,37.2687,28.2167,53.6,93,20,2.3,TR,2021-02-03 18:45:36
248,Cermik,38.1361,39.4493,39.2,93,75,3.44,TR,2021-02-03 18:45:36
249,Xiaolingwei,32.0333,118.85,48.2,66,0,6.71,CN,2021-02-03 18:45:36
250,Bima,-8.4667,118.7167,75.9,88,100,3.24,ID,2021-02-03 18:45:37
251,Aljezur,37.3191,-8.8033,55.0,100,100,3.0,PT,2021-02-03 18:45:37
252,Kushiro,42.975,144.3747,13.14,84,0,16.46,JP,2021-02-03 18:45:37
253,Honiara,-9.4333,159.95,77.85,86,100,10.18,SB,2021-02-03 18:45:37
254,Yen Bai,21.7,104.8667,65.08,89,17,3.44,VN,2021-02-03 18:45:37
255,Oktyabrskoye,43.0645,44.7417,35.6,80,100,4.47,RU,2021-02-03 18:45:37
256,Buin,-33.7333,-70.75,89.01,20,0,4.61,CL,2021-02-03 18:45:37
257,Luganville,-15.5333,167.1667,77.56,82,100,4.16,VU,2021-02-03 18:45:37
258,Pushkinskiye Gory,57.0209,28.9103,15.87,97,19,5.41,RU,2021-02-03 18:45:37
259,Oksfjord,70.2396,22.3479,30.2,69,40,11.5,NO,2021-02-03 18:45:37
260,Maningrida,-12.0667,134.2667,77.7,88,77,8.9,AU,2021-02-03 18:45:37
261,Hanko,59.8333,22.95,14.0,82,99,1.01,FI,2021-02-03 18:45:38
262,Taunggyi,20.7833,97.0333,48.67,53,0,1.92,MM,2021-02-03 18:45:38
263,Hofn,64.2539,-15.2082,33.8,60,90,10.36,IS,2021-02-03 18:45:38
264,Jardanhaza,48.15,20.25,36.43,97,100,3.94,HU,2021-02-03 18:45:38
265,Yulara,-25.2406,130.9889,87.8,15,90,11.83,AU,2021-02-03 18:45:38
266,Faanui,-16.4833,-151.75,81.1,76,0,12.33,PF,2021-02-03 18:45:38
267,Chupa,66.27,33.0549,9.1,95,92,4.76,RU,2021-02-03 18:45:38
268,Manavgat,36.7867,31.4431,60.01,100,100,1.14,TR,2021-02-03 18:45:38
269,Kruisfontein,-34.0033,24.7314,73.0,79,7,5.01,ZA,2021-02-03 18:45:15
270,Maniitsoq,65.4167,-52.9,2.48,76,100,6.78,GL,2021-02-03 18:45:38
271,Meadow Lake,34.8014,-106.5436,57.99,54,75,8.05,US,2021-02-03 18:45:06
272,Avera,33.194,-82.5271,50.0,27,1,8.05,US,2021-02-03 18:45:38
273,Babati,-4.2167,35.75,64.08,90,38,1.1,TZ,2021-02-03 18:45:39
274,Biak,-0.9131,122.8766,77.41,79,98,4.38,ID,2021-02-03 18:45:39
275,Makokou,0.5738,12.8642,73.69,89,92,1.81,GA,2021-02-03 18:45:39
276,Nantucket,41.2835,-70.0995,35.6,80,90,6.91,US,2021-02-03 18:41:50
277,Manaia,-39.55,174.1333,57.99,66,10,15.99,NZ,2021-02-03 18:45:39
278,Wanning,18.8003,110.3967,67.82,88,39,8.03,CN,2021-02-03 18:45:39
279,Cidreira,-30.1811,-50.2056,78.39,89,100,12.1,BR,2021-02-03 18:45:39
280,Saint Anthony,45.0205,-93.218,33.01,64,75,12.66,US,2021-02-03 18:45:39
281,Baker City,44.7749,-117.8344,35.6,60,90,3.0,US,2021-02-03 18:45:40
282,Georgetown,5.4112,100.3354,80.6,78,20,5.59,MY,2021-02-03 18:45:04
283,Deputatskiy,69.3,139.9,-20.69,89,100,2.55,RU,2021-02-03 18:45:40
284,Asau,46.4333,26.4,37.4,100,90,10.36,RO,2021-02-03 18:45:40
285,Puerto Del Rosario,28.5004,-13.8627,68.0,64,0,12.66,ES,2021-02-03 18:45:40
286,Tura,25.5198,90.2201,59.94,57,0,3.11,IN,2021-02-03 18:45:40
287,Tynda,55.1667,124.7167,-37.19,78,0,3.44,RU,2021-02-03 18:45:40
288,Namibe,-15.1961,12.1522,73.09,72,99,10.16,AO,2021-02-03 18:45:40
289,Hamilton,39.1834,-84.5333,36.0,69,0,1.99,US,2021-02-03 18:42:15
290,Lagoa,39.05,-27.9833,54.21,67,12,32.39,PT,2021-02-03 18:45:40
291,Tiksi,71.6872,128.8694,-28.59,85,0,1.77,RU,2021-02-03 18:45:23
292,Maceio,-9.6658,-35.7353,87.8,55,20,14.97,BR,2021-02-03 18:42:58
293,Mamlyutka,54.9375,68.5394,8.55,94,0,7.74,KZ,2021-02-03 18:45:41
294,Banda Aceh,5.5577,95.3222,78.39,80,45,12.84,ID,2021-02-03 18:45:41
295,Hailey,43.5196,-114.3153,28.4,64,1,3.44,US,2021-02-03 18:45:41
296,Ciudad Real,39.0,-4.0,54.0,83,100,6.11,ES,2021-02-03 18:45:41
297,Taguatinga,-12.3857,-46.5711,89.53,48,100,1.81,BR,2021-02-03 18:45:41
298,Llaillay,-32.85,-70.9667,88.0,77,20,9.22,CL,2021-02-03 18:45:41
299,Umm Lajj,25.0213,37.2685,76.93,66,55,3.29,SA,2021-02-03 18:45:41
300,Le Portel,50.7056,1.5757,48.2,87,75,12.66,FR,2021-02-03 18:45:41
301,Kurumkan,54.3,110.3,-11.47,83,93,2.51,RU,2021-02-03 18:45:42
302,Sambava,-14.2667,50.1667,80.42,81,99,8.14,MG,2021-02-03 18:42:21
303,Mayrtup,43.2017,46.1333,35.6,100,90,4.47,RU,2021-02-03 18:45:42
304,Tezu,27.9167,96.1667,61.9,36,27,3.94,IN,2021-02-03 18:45:42
305,Pimentel,-6.8367,-79.9342,80.6,57,0,17.27,PE,2021-02-03 18:45:42
306,Changli,39.7042,119.1506,21.54,70,0,2.37,CN,2021-02-03 18:45:42
307,Ossora,59.2353,163.0719,22.68,92,94,12.93,RU,2021-02-03 18:45:42
308,Dire,12.2833,-10.9667,86.38,12,100,1.61,ML,2021-02-03 18:45:42
309,Urumqi,43.801,87.6005,14.0,85,2,2.24,CN,2021-02-03 18:42:27
310,Tagusao,9.1924,117.8141,77.61,81,81,4.03,PH,2021-02-03 18:45:42
311,Surok,56.4469,48.1214,17.6,93,75,11.18,RU,2021-02-03 18:45:42
312,Ormara,25.2088,64.6357,71.96,32,0,16.64,PK,2021-02-03 18:45:43
313,Mangan,27.5167,88.5333,52.39,37,0,5.7,IN,2021-02-03 18:45:43
314,Longyearbyen,78.2186,15.6401,24.8,68,75,11.5,SJ,2021-02-03 18:45:43
315,Paita,-5.0892,-81.1144,84.2,54,0,14.97,PE,2021-02-03 18:45:43
316,Fortuna,40.5982,-124.1573,48.99,81,90,6.91,US,2021-02-03 18:45:43
317,Naze,28.3667,129.4833,51.35,69,0,3.85,JP,2021-02-03 18:45:44
318,Trinidad,-14.8333,-64.9,87.8,70,75,4.61,BO,2021-02-03 18:45:44
319,Bolshaya Sosnova,57.6713,54.6029,6.33,94,100,4.12,RU,2021-02-03 18:45:44
320,Kununurra,-15.7667,128.7333,80.6,100,100,1.14,AU,2021-02-03 18:45:44
321,Nandigama,16.7833,80.3,65.93,82,0,4.92,IN,2021-02-03 18:45:44
322,Billings,45.7833,-108.5007,39.99,48,90,18.41,US,2021-02-03 18:45:44
323,Kapoeta,4.7717,33.5903,84.87,22,0,11.52,SS,2021-02-03 18:45:44
324,Marawi,7.9986,124.2928,75.99,92,99,4.0,PH,2021-02-03 18:45:44
325,Itaituba,-4.2761,-55.9836,91.4,58,40,5.75,BR,2021-02-03 18:40:59
326,Maryborough,-25.5333,152.7,73.0,86,27,1.01,AU,2021-02-03 18:45:44
327,Svetlaya,46.5389,138.3297,-10.52,86,53,8.52,RU,2021-02-03 18:45:45
328,Ponta Do Sol,32.6667,-17.1,62.6,63,40,4.61,PT,2021-02-03 18:45:45
329,Selikhino,50.3672,137.4996,-22.18,86,100,7.23,RU,2021-02-03 18:45:45
330,Sale,34.0389,-6.8166,60.01,94,35,1.23,MA,2021-02-03 18:42:43
331,Nola,40.922,14.5329,55.99,78,5,2.98,IT,2021-02-03 18:45:45
332,Avarua,-21.2078,-159.775,82.4,78,20,8.05,CK,2021-02-03 18:45:11
333,Sao Paulo De Olivenca,-3.3783,-68.8725,93.24,48,79,2.57,BR,2021-02-03 18:45:45
334,Uige,-7.6087,15.0613,68.49,92,92,3.71,AO,2021-02-03 18:45:45
335,Okitipupa,6.5047,4.7839,79.97,80,0,4.54,NG,2021-02-03 18:45:45
336,Sapele,5.8941,5.6767,82.78,73,0,7.56,NG,2021-02-03 18:45:46
337,Abu Dhabi,24.4667,54.3667,68.0,77,0,5.75,AE,2021-02-03 18:45:46
338,Goyty,43.1642,45.6228,35.6,100,90,4.47,RU,2021-02-03 18:45:46
339,Nizhniy Tsasuchey,50.5167,115.1333,-4.22,91,100,4.61,RU,2021-02-03 18:45:46
340,Windsor,42.3001,-83.0165,33.01,51,1,9.22,CA,2021-02-03 18:44:15
341,Hanzhong,33.0728,107.0303,44.35,51,100,2.93,CN,2021-02-03 18:45:47
342,Madimba,-10.4,40.3333,79.23,76,42,3.96,TZ,2021-02-03 18:45:47
343,Charyshskoye,51.3978,83.5598,30.6,93,100,11.63,RU,2021-02-03 18:45:47
344,Sao Joao Da Barra,-21.6403,-41.0511,87.8,51,0,23.02,BR,2021-02-03 18:45:47
345,Mehamn,71.0357,27.8492,30.2,59,75,23.35,NO,2021-02-03 18:45:47
346,Kavaratti,10.5669,72.642,81.37,63,49,3.87,IN,2021-02-03 18:45:47
347,Saint Johnsbury,44.4192,-72.0151,30.2,74,100,9.46,US,2021-02-03 18:45:47
348,Kaputa,-8.4689,29.6619,71.17,77,96,3.2,ZM,2021-02-03 18:45:47
349,Soissons,49.3333,3.3333,46.99,84,72,8.99,FR,2021-02-03 18:45:47
350,Margate,51.3813,1.3862,46.99,86,100,1.01,GB,2021-02-03 18:45:48
351,Grand Gaube,-20.0064,57.6608,79.0,80,1,5.99,MU,2021-02-03 18:45:48
352,Aguimes,27.9054,-15.4461,66.2,68,20,13.8,ES,2021-02-03 18:45:48
353,Mopipi,-21.1833,24.8833,75.22,76,100,14.16,BW,2021-02-03 18:45:48
354,Upernavik,72.7868,-56.1549,-13.59,77,0,3.71,GL,2021-02-03 18:45:48
355,Mimoso Do Sul,-21.0642,-41.3664,84.16,68,30,6.51,BR,2021-02-03 18:45:48
356,Dikson,73.5069,80.5464,-2.74,92,100,18.25,RU,2021-02-03 18:45:48
357,San Ramon,37.7799,-121.978,54.0,71,1,4.61,US,2021-02-03 18:45:47
358,Huambo,-12.7761,15.7392,62.47,88,99,6.4,AO,2021-02-03 18:45:48
359,Huadian,42.9633,126.7478,-8.25,87,0,10.85,CN,2021-02-03 18:45:48
360,Yerbogachen,61.2767,108.0108,-14.03,89,100,3.6,RU,2021-02-03 18:45:48
361,Pietersburg,-23.9045,29.4688,69.8,83,40,6.91,ZA,2021-02-03 18:45:48
362,Mulege,26.8833,-111.9833,79.25,24,1,3.76,MX,2021-02-03 18:45:48
363,Dordrecht,51.81,4.6736,46.99,94,100,5.01,NL,2021-02-03 18:45:49
364,Lavrentiya,65.5833,-171.0,-12.12,82,0,15.68,RU,2021-02-03 18:45:49
365,Dulce Grande,23.0,-102.1667,71.6,24,40,2.21,MX,2021-02-03 18:45:49
366,Aykhal,66.0,111.5,-25.78,83,100,1.61,RU,2021-02-03 18:45:49
367,Severo-Kurilsk,50.6789,156.125,11.03,92,100,33.58,RU,2021-02-03 18:45:11
368,Zhanakorgan,43.9098,67.2495,34.32,82,76,2.62,KZ,2021-02-03 18:45:49
369,Grindavik,63.8424,-22.4338,37.4,81,90,23.02,IS,2021-02-03 18:45:49
370,Yenagoa,4.9247,6.2642,81.19,78,12,7.76,NG,2021-02-03 18:45:50
371,Kaeo,-35.1,173.7833,57.0,94,99,1.99,NZ,2021-02-03 18:45:50
372,Kumluca,36.3703,30.2869,59.88,62,44,2.53,TR,2021-02-03 18:45:50
373,Lorengau,-2.0226,147.2712,80.85,72,69,1.41,PG,2021-02-03 18:45:50
374,Devils Lake,48.1128,-98.8651,26.6,86,90,12.66,US,2021-02-03 18:45:35
375,Ensley,30.5188,-87.2728,59.0,26,1,10.36,US,2021-02-03 18:42:45
376,Romitan,39.9343,64.3814,42.8,75,0,4.61,UZ,2021-02-03 18:45:50
377,Cumbal,0.9088,-77.7915,60.8,67,75,11.5,CO,2021-02-03 18:45:50
378,Aksha,50.2814,113.2867,3.78,90,79,4.74,RU,2021-02-03 18:45:50
379,Havoysund,70.9963,24.6622,30.2,69,75,27.63,NO,2021-02-03 18:45:50
380,Manzhouli,49.6,117.4333,-7.47,90,100,3.09,CN,2021-02-03 18:45:51
381,Coquimbo,-29.9533,-71.3436,66.2,68,0,18.41,CL,2021-02-03 18:42:33
382,Saint-Pierre,-21.3393,55.4781,80.6,74,0,1.14,RE,2021-02-03 18:45:51
383,Baoying,33.2292,119.3092,38.46,73,0,10.58,CN,2021-02-03 18:45:51
384,Nador,35.174,-2.9287,60.8,67,0,6.91,MA,2021-02-03 18:45:51
385,Sao Gabriel Da Cachoeira,-0.1303,-67.0892,82.4,83,75,3.44,BR,2021-02-03 18:45:51
386,Degollado,20.467,-102.1498,85.87,13,0,1.32,MX,2021-02-03 18:45:51
387,Gornopravdinsk,60.05,69.9,11.01,95,100,8.39,RU,2021-02-03 18:45:51
388,Preobrazheniye,42.9019,133.9064,1.63,84,0,9.08,RU,2021-02-03 18:45:51
389,Aklavik,68.2191,-135.0107,-41.8,66,1,2.3,CA,2021-02-03 18:45:51
390,Vanimo,-2.6741,141.3028,77.43,87,100,8.77,PG,2021-02-03 18:45:51
391,Zlobin,45.2924,14.6541,55.4,88,75,12.66,HR,2021-02-03 18:45:52
392,Sant Feliu De Guixols,41.7833,3.0333,57.0,25,53,3.06,ES,2021-02-03 18:45:03
393,Bandarbeyla,9.4942,50.8122,73.67,68,0,19.75,SO,2021-02-03 18:45:52
394,Somerset East,-32.7217,25.588,68.38,67,0,10.22,ZA,2021-02-03 18:45:52
395,Ilyich,40.8464,68.5067,46.33,73,0,2.91,KZ,2021-02-03 18:45:52
396,Buritis,-15.6178,-46.4233,84.27,58,100,5.14,BR,2021-02-03 18:45:52
397,Kudahuvadhoo,2.6708,72.8944,81.59,80,97,17.76,MV,2021-02-03 18:45:52
398,Vuktyl,63.8567,57.3094,7.18,95,95,6.53,RU,2021-02-03 18:45:52
399,Tutoia,-2.7619,-42.2744,89.6,62,20,19.57,BR,2021-02-03 18:45:52
400,Sarstedt,52.2333,9.85,46.0,76,100,4.0,DE,2021-02-03 18:45:52
401,Mojo,8.6,39.1167,59.52,31,0,7.76,ET,2021-02-03 18:45:52
402,Slave Lake,55.2834,-114.769,-4.0,65,1,11.5,CA,2021-02-03 18:45:52
403,Komsomolskiy,40.4272,71.7189,35.6,75,0,6.91,UZ,2021-02-03 18:45:53
404,Churapcha,62.0025,132.4325,-47.85,76,53,2.95,RU,2021-02-03 18:45:53
405,Fairbanks,64.8378,-147.7164,-18.4,69,75,6.91,US,2021-02-03 18:44:12
406,Bilibino,68.0546,166.4372,1.33,84,100,8.59,RU,2021-02-03 18:45:53
407,Yangjiang,21.85,111.9667,60.94,86,71,2.93,CN,2021-02-03 18:45:53
408,Avallon,47.4833,3.9,45.54,86,46,12.62,FR,2021-02-03 18:45:53
409,Conceicao Do Araguaia,-8.2578,-49.2647,86.9,62,0,4.54,BR,2021-02-03 18:45:53
410,Chicama,-7.8447,-79.1469,75.2,83,0,9.22,PE,2021-02-03 18:45:53
411,Ahuimanu,21.4447,-157.8378,71.6,83,90,10.36,US,2021-02-03 18:45:54
412,Klyuchi,52.2667,79.1667,33.04,98,100,13.06,RU,2021-02-03 18:45:54
413,Guasdualito,7.2424,-70.7324,96.1,31,0,5.41,VE,2021-02-03 18:45:54
414,Huanren,41.2647,125.3667,-0.65,86,0,1.39,CN,2021-02-03 18:45:54
415,Alghero,40.5589,8.3181,59.0,77,0,13.8,IT,2021-02-03 18:44:15
416,Llangefni,53.2556,-4.3106,48.0,87,40,11.5,GB,2021-02-03 18:45:54
417,Arlit,18.7369,7.3853,72.79,19,0,14.74,NE,2021-02-03 18:45:54
418,Pochutla,15.7432,-96.4661,86.0,61,20,8.79,MX,2021-02-03 18:45:54
419,Whitefish,48.4111,-114.3376,33.01,74,90,2.46,US,2021-02-03 18:45:54
420,Hualmay,-11.0964,-77.6139,75.99,62,6,10.6,PE,2021-02-03 18:45:25
421,Alofi,-19.0595,-169.9187,75.2,100,100,6.91,NU,2021-02-03 18:45:54
422,Cap Malheureux,-19.9842,57.6142,79.0,80,0,5.99,MU,2021-02-03 18:45:54
423,Emba,48.8264,58.1442,26.87,96,100,7.99,KZ,2021-02-03 18:45:55
424,Kenora,49.8167,-94.4337,23.0,74,90,10.36,CA,2021-02-03 18:45:55
425,Rodino,52.5,80.25,32.52,97,100,15.17,RU,2021-02-03 18:45:55
426,Mayo,38.8876,-76.5119,37.99,65,90,12.66,US,2021-02-03 18:45:55
427,Gilbues,-9.8317,-45.3439,89.71,43,80,5.17,BR,2021-02-03 18:45:55
428,Bilma,18.6853,12.9164,68.94,24,0,13.96,NE,2021-02-03 18:45:55
429,Manavalakurichi,8.1333,77.3,84.2,79,20,11.21,IN,2021-02-03 18:45:55
430,Tilichiki,60.4667,166.1,21.96,95,97,35.9,RU,2021-02-03 18:45:56
431,Esperance,-33.8667,121.9,59.0,63,75,17.27,AU,2021-02-03 18:45:56
432,Udachnyy,66.4167,112.4,-23.93,84,100,4.94,RU,2021-02-03 18:45:56
433,Richards Bay,-28.783,32.0377,75.38,93,100,5.28,ZA,2021-02-03 18:45:56
434,Merauke,-8.4667,140.3333,78.84,88,71,13.0,ID,2021-02-03 18:45:56
435,Belmonte,-15.8631,-38.8828,82.4,69,20,11.5,BR,2021-02-03 18:45:56
436,Christchurch,-43.5333,172.6333,57.0,76,90,9.22,NZ,2021-02-03 18:45:15
437,Kabompo,-13.5927,24.2008,65.37,93,100,2.8,ZM,2021-02-03 18:45:56
438,Vawkavysk,53.1561,24.4513,31.89,99,100,3.33,BY,2021-02-03 18:45:56
439,Nokaneng,-19.6667,22.2667,73.78,84,100,3.09,BW,2021-02-03 18:45:56
440,Raudeberg,61.9875,5.1352,24.8,68,0,8.05,NO,2021-02-03 18:45:56
441,Hornepayne,49.2138,-84.7705,26.42,93,100,5.44,CA,2021-02-03 18:45:56
442,Karachi,24.9056,67.0822,66.2,88,0,3.44,PK,2021-02-03 18:45:57
443,Erzin,36.9559,36.2,59.0,82,75,4.61,TR,2021-02-03 18:45:57
444,Celestun,20.8667,-90.4,72.28,51,4,6.89,MX,2021-02-03 18:45:57
445,Eureka,40.8021,-124.1637,48.99,86,88,5.99,US,2021-02-03 18:45:57
446,Strezhevoy,60.7333,77.5889,14.0,92,90,6.71,RU,2021-02-03 18:44:17
447,Wanaka,-44.7,169.15,55.99,67,87,1.01,NZ,2021-02-03 18:45:57
448,Altagracia De Orituco,9.8601,-66.3814,90.9,38,12,6.58,VE,2021-02-03 18:45:57
449,Waverly,42.7392,-84.6208,30.99,59,1,3.44,US,2021-02-03 18:45:57
450,Beloha,-25.1667,45.05,78.84,65,0,12.95,MG,2021-02-03 18:45:57
451,Chiang Rai,19.9167,99.9167,62.6,88,0,1.99,TH,2021-02-03 18:45:57
452,At-Bashi,41.1702,75.8106,8.96,65,0,2.13,KG,2021-02-03 18:45:57
453,Bangui,4.3612,18.555,84.2,54,17,2.19,CF,2021-02-03 18:45:58
454,Pudozh,61.8099,36.5345,20.23,97,100,6.31,RU,2021-02-03 18:45:58
455,Port Lincoln,-34.7333,135.8667,65.79,64,100,6.15,AU,2021-02-03 18:45:33
456,Coihueco,-36.6167,-71.8333,89.6,25,0,5.75,CL,2021-02-03 18:45:58
457,Gazojak,41.1875,61.4036,47.28,64,73,8.43,TM,2021-02-03 18:45:58
458,Flinders,-34.5833,150.8552,66.99,83,13,1.01,AU,2021-02-03 18:45:58
459,Karatau,43.1667,70.4667,35.01,79,33,3.42,KZ,2021-02-03 18:45:58
460,Salinas,36.6777,-121.6555,53.01,76,1,4.5,US,2021-02-03 18:44:26
461,Waingapu,-9.6567,120.2641,76.5,87,100,11.97,ID,2021-02-03 18:45:58
462,San Bartolome De Tirajana,27.9248,-15.5733,66.2,68,20,13.8,ES,2021-02-03 18:45:58
463,College Place,46.0493,-118.3883,45.0,87,90,6.91,US,2021-02-03 18:45:58
464,Sitka,57.0531,-135.33,35.6,80,90,6.91,US,2021-02-03 18:41:20
465,San Antonio,29.4241,-98.4936,71.01,60,20,12.66,US,2021-02-03 18:41:52
466,Narsaq,60.9167,-46.05,15.8,53,75,8.05,GL,2021-02-03 18:45:59
467,Hillsborough,37.5741,-122.3794,55.99,67,75,3.44,US,2021-02-03 18:45:59
468,Puri,19.8,85.85,66.2,82,0,4.5,IN,2021-02-03 18:45:59
469,Marsa Matruh,31.3525,27.2453,62.6,88,0,11.5,EG,2021-02-03 18:45:59
470,Caranavi,-15.8167,-67.55,76.91,67,91,2.28,BO,2021-02-03 18:45:59
471,Koboko,3.4136,30.9599,74.46,32,1,3.11,UG,2021-02-03 18:45:59
472,Ocos,14.5094,-92.1933,89.6,51,40,5.75,GT,2021-02-03 18:45:59
473,Svetlogorsk,52.6333,29.7333,33.82,98,100,5.91,BY,2021-02-03 18:45:59
474,Nichinan,31.6,131.3667,35.01,80,0,5.01,JP,2021-02-03 18:45:59
475,Sayyan,15.1718,44.3244,45.5,50,0,4.0,YE,2021-02-03 18:45:59
476,Kalabo,-14.97,22.6814,69.22,85,100,7.54,ZM,2021-02-03 18:46:00
477,Cayenne,4.9333,-52.3333,84.2,74,90,18.41,GF,2021-02-03 18:46:00
478,Gat,31.61,34.7642,66.0,62,71,11.97,IL,2021-02-03 18:46:00
479,Basco,20.4487,121.9702,72.0,77,25,25.17,PH,2021-02-03 18:46:00
480,Joao Pinheiro,-17.7425,-46.1725,81.9,65,36,5.88,BR,2021-02-03 18:45:48
481,Tupik,54.4253,119.9327,-33.79,78,0,1.77,RU,2021-02-03 18:46:00
482,Plettenberg Bay,-34.0527,23.3716,67.26,89,19,3.83,ZA,2021-02-03 18:46:00
483,Deniliquin,-35.5333,144.9667,64.0,62,83,3.89,AU,2021-02-03 18:46:00
484,Kalaleh,37.3807,55.4916,46.4,81,0,4.61,IR,2021-02-03 18:46:01
485,Sorland,67.667,12.6934,32.0,59,40,21.85,NO,2021-02-03 18:46:01
486,Vostok,46.4856,135.8833,-22.05,87,100,5.06,RU,2021-02-03 18:46:01
487,Faya,18.3851,42.4509,60.8,82,0,4.23,SA,2021-02-03 18:46:01
488,Matamoros,25.5333,-103.25,69.8,28,40,1.74,MX,2021-02-03 18:45:34
489,Saint-Leu,-21.15,55.2833,80.6,74,0,1.14,RE,2021-02-03 18:46:01
490,De-Kastri,51.4667,140.7833,-23.12,80,54,4.43,RU,2021-02-03 18:46:01
491,Miri,4.4148,114.0089,75.2,100,40,9.19,MY,2021-02-03 18:46:01
492,Mukhen,48.1,136.1,-18.44,83,37,8.61,RU,2021-02-03 18:46:01
493,Srikakulam,18.3,83.9,66.83,66,0,5.53,IN,2021-02-03 18:46:01
494,Coihaique,-45.5752,-72.0662,82.4,34,0,5.75,CL,2021-02-03 18:46:02
495,Cedar City,37.6775,-113.0619,51.8,50,1,19.57,US,2021-02-03 18:43:41
496,Atar,20.5169,-13.0499,77.18,17,0,1.77,MR,2021-02-03 18:46:02
497,Krasnoshchekovo,51.6708,82.7289,29.57,95,100,22.35,RU,2021-02-03 18:46:02
498,Jardim,-21.4803,-56.1381,91.35,53,92,5.82,BR,2021-02-03 18:46:02
499,Chapais,49.7834,-74.8492,26.6,59,1,17.27,CA,2021-02-03 18:46:02
500,Terme,41.2092,36.9739,51.8,82,0,6.91,TR,2021-02-03 18:46:02
501,Majene,-3.5403,118.9707,79.32,78,100,8.23,ID,2021-02-03 18:46:02
502,Rolla,37.9514,-91.7713,48.99,53,1,8.05,US,2021-02-03 18:46:03
503,Corowa,-36.0333,146.3833,62.01,69,68,10.16,AU,2021-02-03 18:46:03
504,San Cristobal,7.7669,-72.225,89.6,45,20,11.5,VE,2021-02-03 18:46:03
505,Nyurba,63.2842,118.3319,-23.91,86,100,4.25,RU,2021-02-03 18:46:03
506,Mega,4.05,38.3,64.44,28,0,11.63,ET,2021-02-03 18:46:03
507,Innisfail,-17.5333,146.0333,74.95,83,86,3.49,AU,2021-02-03 18:46:03
508,Bumba,2.1833,22.4667,81.12,53,0,1.41,CD,2021-02-03 18:46:03
509,Ambulu,-8.345,113.6058,76.82,88,100,2.15,ID,2021-02-03 18:46:03
510,Zyryanovsk,49.7386,84.2719,21.94,97,100,0.47,KZ,2021-02-03 18:46:03
511,Mendota,36.7536,-120.3816,53.01,62,1,16.11,US,2021-02-03 18:46:03
512,Youkounkoun,12.5333,-13.1333,90.39,14,10,3.11,GN,2021-02-03 18:46:03
513,Shu,43.5983,73.7614,30.0,88,90,5.99,KZ,2021-02-03 18:46:04
514,Clyde River,70.4692,-68.5914,-22.0,76,75,3.44,CA,2021-02-03 18:45:17
515,Alta Floresta,-9.8756,-56.0861,91.4,58,40,2.3,BR,2021-02-03 18:46:04
516,Comodoro Rivadavia,-45.8667,-67.5,75.2,38,75,17.27,AR,2021-02-03 18:46:04
517,Beira,-19.8436,34.8389,68.0,88,40,9.22,MZ,2021-02-03 18:46:04
518,Borba,-4.3878,-59.5939,85.35,75,23,3.38,BR,2021-02-03 18:46:04
519,Odesskoye,54.2111,72.9651,15.22,96,75,6.15,RU,2021-02-03 18:46:04
520,Klaksvik,62.2266,-6.589,30.2,93,20,1.14,FO,2021-02-03 18:46:04
521,Santa Maria,-29.6842,-53.8069,81.03,80,100,8.37,BR,2021-02-03 18:46:04
522,Arman,59.7,150.1667,-2.06,81,100,19.57,RU,2021-02-03 18:46:04
523,Oga,46.4631,10.347,48.0,87,75,17.27,IT,2021-02-03 18:46:04
524,Lebedinyy,58.5167,125.5167,-27.63,82,100,8.05,RU,2021-02-03 18:46:05
525,Yumen,40.2833,97.2,25.92,73,8,13.73,CN,2021-02-03 18:46:05
526,Kati,12.7441,-8.0726,87.8,14,0,5.75,ML,2021-02-03 18:46:05
527,Lieksa,63.3167,30.0167,12.29,94,100,13.13,FI,2021-02-03 18:46:05
528,Rocha,-34.4833,-54.3333,67.78,96,100,10.27,UY,2021-02-03 18:46:05
529,Nanchong,30.7951,106.0847,53.58,64,68,0.96,CN,2021-02-03 18:46:05
530,Elko,41.0002,-115.5012,37.0,59,99,17.0,US,2021-02-03 18:46:05
531,Troitsko-Pechorsk,62.7084,56.1964,3.49,94,83,5.17,RU,2021-02-03 18:46:05
532,Kavieng,-2.5744,150.7967,83.07,69,100,6.38,PG,2021-02-03 18:45:31
533,Axim,4.8699,-2.2405,80.74,80,98,8.28,GH,2021-02-03 18:46:05
534,Napasar,27.9667,73.55,64.09,28,100,9.66,IN,2021-02-03 18:41:15
535,Sakakah,29.9697,40.2064,62.6,39,0,6.91,SA,2021-02-03 18:46:06
536,Rawson,-43.3002,-65.1023,90.09,17,3,11.9,AR,2021-02-03 18:46:06
537,Shellbrook,53.2168,-106.4011,5.0,78,90,14.97,CA,2021-02-03 18:46:06
538,Doha,25.2867,51.5333,66.2,68,0,8.05,QA,2021-02-03 18:46:06
539,Bourail,-21.5667,165.4833,75.4,88,92,9.08,NC,2021-02-03 18:46:06
540,Paka,4.6374,103.4368,73.4,94,98,3.44,MY,2021-02-03 18:46:06
541,Pacific Grove,36.6177,-121.9166,54.0,66,1,5.75,US,2021-02-03 18:41:09
542,Leo,11.1,-2.1,83.95,14,0,4.59,BF,2021-02-03 18:46:06
543,Teknaf,20.8624,92.3058,62.31,62,0,6.93,BD,2021-02-03 18:46:06
544,Araouane,18.9048,-3.5265,70.56,21,0,2.53,ML,2021-02-03 18:46:06
545,Esil,51.9556,66.4042,28.27,98,100,10.27,KZ,2021-02-03 18:46:06
546,Cacalchen,20.9833,-89.2333,75.99,41,20,4.61,MX,2021-02-03 18:46:06
547,Muzaffargarh,30.0754,71.1921,55.4,76,40,10.16,PK,2021-02-03 18:46:07
548,Baicheng,45.6167,122.8167,-9.2,80,0,8.05,CN,2021-02-03 18:46:07
549,Labuan,5.2767,115.2417,77.0,94,20,3.44,MY,2021-02-03 18:46:07
550,Bentiu,9.2333,29.8333,87.85,16,0,2.86,SS,2021-02-03 18:46:07
551,Sorong,-0.8833,131.25,81.39,79,100,12.21,ID,2021-02-03 18:46:07
552,Turayf,31.6725,38.6637,59.0,51,0,12.66,SA,2021-02-03 18:46:07
553,Kirakira,-10.4544,161.9205,78.71,89,100,16.91,SB,2021-02-03 18:46:07
554,Constantine,36.365,6.6147,56.19,44,93,4.56,DZ,2021-02-03 18:45:51
555,Korba,22.35,82.6833,57.83,35,0,2.44,IN,2021-02-03 18:42:07
556,Siauliai,55.9333,23.3167,19.4,93,99,1.14,LT,2021-02-03 18:46:08
557,Aknada,42.4016,46.1723,32.13,78,100,5.59,RU,2021-02-03 18:46:08
558,Benguela,-12.5763,13.4055,76.66,78,30,6.46,AO,2021-02-03 18:46:08
559,Linjiang,41.8069,126.9078,-4.31,85,17,4.32,CN,2021-02-03 18:46:08
560,Areosa,41.7178,-8.8571,54.0,93,20,13.8,PT,2021-02-03 18:46:08
561,Cordoba,-31.4135,-64.1811,82.0,53,40,9.22,AR,2021-02-03 18:45:26
562,Vardo,70.3705,31.1107,30.2,74,75,46.04,NO,2021-02-03 18:46:08
563,Beeskow,52.1667,14.25,46.0,93,100,8.23,DE,2021-02-03 18:46:09
